<mxStylesheet>
	<add as="defaultVertex">
		<add as="shape" value="label"/>
		<add as="perimeter" value="rectanglePerimeter"/>
		<add as="fontSize" value="12"/>
		<add as="fontFamily" value="Helvetica"/>
		<add as="align" value="center"/>
		<add as="verticalAlign" value="middle"/>
		<add as="fillColor" value="#ffffff"/>
		<add as="strokeColor" value="#000000"/>
		<add as="fontColor" value="#000000"/>
	</add>
	<add as="defaultEdge">
		<add as="shape" value="connector"/>
		<add as="labelBackgroundColor" value="#ffffff"/>
		<add as="endArrow" value="classic"/>
		<add as="fontSize" value="11"/>
		<add as="fontFamily" value="Helvetica"/>
		<add as="align" value="center"/>
		<add as="verticalAlign" value="middle"/>
		<add as="rounded" value="1"/>
		<add as="strokeColor" value="#000000"/>
		<add as="fontColor" value="#000000"/>
	</add>
	<add as="fancy">
		<add as="shadow" value="1"/>
		<add as="glass" value="1"/>
	</add>
	<add as="gray" extend="fancy">
		<add as="gradientColor" value="#B3B3B3"/>
		<add as="fillColor" value="#F5F5F5"/>
		<add as="strokeColor" value="#666666"/>
	</add>
	<add as="blue" extend="fancy">
		<add as="gradientColor" value="#7EA6E0"/>
		<add as="fillColor" value="#DAE8FC"/>
		<add as="strokeColor" value="#6C8EBF"/>
	</add>
	<add as="green" extend="fancy">
		<add as="gradientColor" value="#97D077"/>
		<add as="fillColor" value="#D5E8D4"/>
		<add as="strokeColor" value="#82B366"/>
	</add>
	<add as="turquoise" extend="fancy">
		<add as="gradientColor" value="#67AB9F"/>
		<add as="fillColor" value="#D5E8D4"/>
		<add as="strokeColor" value="#6A9153"/>
	</add>
	<add as="yellow" extend="fancy">
		<add as="gradientColor" value="#FFD966"/>
		<add as="fillColor" value="#FFF2CC"/>
		<add as="strokeColor" value="#D6B656"/>
	</add>
	<add as="orange" extend="fancy">
		<add as="gradientColor" value="#FFA500"/>
		<add as="fillColor" value="#FFCD28"/>
		<add as="strokeColor" value="#D79B00"/>
	</add>
	<add as="red" extend="fancy">
		<add as="gradientColor" value="#EA6B66"/>
		<add as="fillColor" value="#F8CECC"/>
		<add as="strokeColor" value="#B85450"/>
	</add>
	<add as="pink" extend="fancy">
		<add as="gradientColor" value="#B5739D"/>
		<add as="fillColor" value="#E6D0DE"/>
		<add as="strokeColor" value="#996185"/>
	</add>
	<add as="purple" extend="fancy">
		<add as="gradientColor" value="#8C6C9C"/>
		<add as="fillColor" value="#E1D5E7"/>
		<add as="strokeColor" value="#9673A6"/>
	</add>
	<add as="plain-gray">
		<add as="gradientColor" value="#B3B3B3"/>
		<add as="fillColor" value="#F5F5F5"/>
		<add as="strokeColor" value="#666666"/>
	</add>
	<add as="plain-blue">
		<add as="gradientColor" value="#7EA6E0"/>
		<add as="fillColor" value="#DAE8FC"/>
		<add as="strokeColor" value="#6C8EBF"/>
	</add>
	<add as="plain-green">
		<add as="gradientColor" value="#97D077"/>
		<add as="fillColor" value="#D5E8D4"/>
		<add as="strokeColor" value="#82B366"/>
	</add>
	<add as="plain-turquoise">
		<add as="gradientColor" value="#67AB9F"/>
		<add as="fillColor" value="#D5E8D4"/>
		<add as="strokeColor" value="#6A9153"/>
	</add>
	<add as="plain-yellow">
		<add as="gradientColor" value="#FFD966"/>
		<add as="fillColor" value="#FFF2CC"/>
		<add as="strokeColor" value="#D6B656"/>
	</add>
	<add as="plain-orange">
		<add as="gradientColor" value="#FFA500"/>
		<add as="fillColor" value="#FFCD28"/>
		<add as="strokeColor" value="#D79B00"/>
	</add>
	<add as="plain-red">
		<add as="gradientColor" value="#EA6B66"/>
		<add as="fillColor" value="#F8CECC"/>
		<add as="strokeColor" value="#B85450"/>
	</add>
	<add as="plain-pink">
		<add as="gradientColor" value="#B5739D"/>
		<add as="fillColor" value="#E6D0DE"/>
		<add as="strokeColor" value="#996185"/>
	</add>
	<add as="plain-purple">
		<add as="gradientColor" value="#8C6C9C"/>
		<add as="fillColor" value="#E1D5E7"/>
		<add as="strokeColor" value="#9673A6"/>
	</add>
	<add as="text">
		<add as="fillColor" value="none"/>
		<add as="gradientColor" value="none"/>
		<add as="strokeColor" value="none"/>
		<add as="align" value="left"/>
		<add as="verticalAlign" value="top"/>
	</add>
	<add as="label">
		<add as="fontStyle" value="1"/>
		<add as="align" value="left"/>
		<add as="verticalAlign" value="middle"/>
		<add as="spacing" value="2"/>
		<add as="spacingLeft" value="52"/>
		<add as="imageWidth" value="42"/>
		<add as="imageHeight" value="42"/>
		<add as="rounded" value="1"/>
	</add>
	<add as="icon" extend="label">
		<add as="align" value="center"/>
		<add as="imageAlign" value="center"/>
		<add as="verticalLabelPosition" value="bottom"/>
		<add as="verticalAlign" value="top"/>
		<add as="spacingTop" value="4"/>
		<add as="labelBackgroundColor" value="#ffffff"/>
		<add as="spacing" value="0"/>
		<add as="spacingLeft" value="0"/>
		<add as="spacingTop" value="6"/>
		<add as="fontStyle" value="0"/>
		<add as="imageWidth" value="48"/>
		<add as="imageHeight" value="48"/>
	</add>
	<add as="swimlane">
		<add as="shape" value="swimlane"/>
		<add as="fontSize" value="12"/>
		<add as="fontStyle" value="1"/>
		<add as="startSize" value="23"/>
	</add>
	<add as="group">
		<add as="verticalAlign" value="top"/>
		<add as="fillColor" value="none"/>
		<add as="strokeColor" value="none"/>
		<add as="gradientColor" value="none"/>
		<add as="pointerEvents" value="0"/>
	</add>
	<add as="ellipse">
		<add as="shape" value="ellipse"/>
		<add as="perimeter" value="ellipsePerimeter"/>
	</add>
	<add as="rhombus">
		<add as="shape" value="rhombus"/>
		<add as="perimeter" value="rhombusPerimeter"/>
	</add>
	<add as="triangle">
		<add as="shape" value="triangle"/>
		<add as="perimeter" value="trianglePerimeter"/>
	</add>
	<add as="line">
		<add as="shape" value="line"/>
		<add as="strokeWidth" value="4"/>
		<add as="labelBackgroundColor" value="#ffffff"/>
		<add as="verticalAlign" value="top"/>
		<add as="spacingTop" value="8"/>
	</add>
	<add as="image">
		<add as="shape" value="image"/>
		<add as="labelBackgroundColor" value="white"/>
		<add as="verticalAlign" value="top"/>
		<add as="verticalLabelPosition" value="bottom"/>
	</add>
	<add as="roundImage" extend="image">
		<add as="perimeter" value="ellipsePerimeter"/>
	</add>
	<add as="rhombusImage" extend="image">
		<add as="perimeter" value="rhombusPerimeter"/>
	</add>
	<add as="arrow">
		<add as="shape" value="arrow"/>
		<add as="edgeStyle" value="none"/>
		<add as="fillColor" value="#ffffff"/>
	</add>
</mxStylesheet>
